날짜,결과1,결과2,결과3
2025-03-18,좌삼짝,우삼홀,좌사홀
2025-03-17,우삼홀,좌삼짝,우사짝
2025-03-19,우삼짝,좌삼짝,우사홀
2025-03-19,좌삼짝,우삼홀,좌사홀
2025-03-18,좌삼짝,우삼홀,좌사홀
2025-03-17,우삼홀,좌삼짝,우사짝
2025-03-19,우삼짝,좌삼짝,우사홀
2025-03-19,좌삼짝,우삼홀,좌사홀
2025-03-18,좌삼짝,우삼홀,좌사홀
2025-03-17,우삼홀,좌삼짝,우사짝
2025-03-19,우삼짝,좌삼짝,우사홀
2025-03-19,좌삼짝,우삼홀,좌사홀
2025-03-18,좌삼짝,우삼홀,좌사홀
2025-03-17,우삼홀,좌삼짝,우사짝
2025-03-19,우삼짝,좌삼짝,우사홀
2025-03-19,좌삼짝,우삼홀,좌사홀
2025-03-18,좌삼짝,우삼홀,좌사홀
2025-03-17,우삼홀,좌삼짝,우사짝
2025-03-19,우삼짝,좌삼짝,우사홀
2025-03-19,좌삼짝,우삼홀,좌사홀
2025-03-18,좌삼짝,우삼홀,좌사홀
2025-03-17,우삼홀,좌삼짝,우사짝
2025-03-19,우삼짝,좌삼짝,우사홀
2025-03-19,좌삼짝,우삼홀,좌사홀
2025-03-18,좌삼짝,우삼홀,좌사홀
2025-03-17,우삼홀,좌삼짝,우사짝
2025-03-19,우삼짝,좌삼짝,우사홀
2025-03-19,좌삼짝,우삼홀,좌사홀
2025-03-18,좌삼짝,우삼홀,좌사홀
2025-03-17,우삼홀,좌삼짝,우사짝
2025-03-19,우삼짝,좌삼짝,우사홀
2025-03-19,좌삼짝,우삼홀,좌사홀
2025-03-18,좌삼짝,우삼홀,좌사홀
2025-03-17,우삼홀,좌삼짝,우사짝
2025-03-19,우삼짝,좌삼짝,우사홀
2025-03-19,좌삼짝,우삼홀,좌사홀
2025-03-18,좌삼짝,우삼홀,좌사홀
2025-03-17,우삼홀,좌삼짝,우사짝
2025-03-19,우삼짝,좌삼짝,우사홀
2025-03-19,좌삼짝,우삼홀,좌사홀
2025-03-18,좌삼짝,우삼홀,좌사홀
2025-03-17,우삼홀,좌삼짝,우사짝
2025-03-19,우삼짝,좌삼짝,우사홀
2025-03-19,좌삼짝,우삼홀,좌사홀
2025-03-18,좌삼짝,우삼홀,좌사홀
2025-03-17,우삼홀,좌삼짝,우사짝
2025-03-19,우삼짝,좌삼짝,우사홀
2025-03-19,좌삼짝,우삼홀,좌사홀
2025-03-18,좌삼짝,우삼홀,좌사홀
2025-03-17,우삼홀,좌삼짝,우사짝
2025-03-19,우삼짝,좌삼짝,우사홀
2025-03-19,좌삼짝,우삼홀,좌사홀
2025-03-18,좌삼짝,우삼홀,좌사홀
2025-03-17,우삼홀,좌삼짝,우사짝
2025-03-19,우삼짝,좌삼짝,우사홀
2025-03-19,좌삼짝,우삼홀,좌사홀
2025-03-18,좌삼짝,우삼홀,좌사홀
2025-03-17,우삼홀,좌삼짝,우사짝
2025-03-19,우삼짝,좌삼짝,우사홀
2025-03-19,좌삼짝,우삼홀,좌사홀
2025-03-18,좌삼짝,우삼홀,좌사홀
2025-03-17,우삼홀,좌삼짝,우사짝
2025-03-19,우삼짝,좌삼짝,우사홀
2025-03-19,좌삼짝,우삼홀,좌사홀
2025-03-18,좌삼짝,우삼홀,좌사홀
2025-03-17,우삼홀,좌삼짝,우사짝
2025-03-19,우삼짝,좌삼짝,우사홀
2025-03-19,좌삼짝,우삼홀,좌사홀
2025-03-18,좌삼짝,우삼홀,좌사홀
2025-03-17,우삼홀,좌삼짝,우사짝
2025-03-19,우삼짝,좌삼짝,우사홀
2025-03-19,좌삼짝,우삼홀,좌사홀
2025-03-18,좌삼짝,우삼홀,좌사홀
2025-03-17,우삼홀,좌삼짝,우사짝
2025-03-19,우삼짝,좌삼짝,우사홀
2025-03-19,좌삼짝,우삼홀,좌사홀
2025-03-18,좌삼짝,우삼홀,좌사홀
2025-03-17,우삼홀,좌삼짝,우사짝
2025-03-19,우삼짝,좌삼짝,우사홀
2025-03-19,좌삼짝,우삼홀,좌사홀
2025-03-18,좌삼짝,우삼홀,좌사홀
2025-03-17,우삼홀,좌삼짝,우사짝
2025-03-19,우삼짝,좌삼짝,우사홀
2025-03-19,좌삼짝,우삼홀,좌사홀
2025-03-18,좌삼짝,우삼홀,좌사홀
2025-03-17,우삼홀,좌삼짝,우사짝
2025-03-19,우삼짝,좌삼짝,우사홀
2025-03-19,좌삼짝,우삼홀,좌사홀
2025-03-18,좌삼짝,우삼홀,좌사홀
2025-03-17,우삼홀,좌삼짝,우사짝
2025-03-19,우삼짝,좌삼짝,우사홀
2025-03-19,좌삼짝,우삼홀,좌사홀
2025-03-18,좌삼짝,우삼홀,좌사홀
2025-03-17,우삼홀,좌삼짝,우사짝
2025-03-19,우삼짝,좌삼짝,우사홀
2025-03-19,좌삼짝,우삼홀,좌사홀
2025-03-18,좌삼짝,우삼홀,좌사홀
2025-03-17,우삼홀,좌삼짝,우사짝
2025-03-19,우삼짝,좌삼짝,우사홀
2025-03-19,좌삼짝,우삼홀,좌사홀
2025-03-18,좌삼짝,우삼홀,좌사홀
2025-03-17,우삼홀,좌삼짝,우사짝
2025-03-19,우삼짝,좌삼짝,우사홀
2025-03-19,좌삼짝,우삼홀,좌사홀
2025-03-18,좌삼짝,우삼홀,좌사홀
2025-03-17,우삼홀,좌삼짝,우사짝
2025-03-19,우삼짝,좌삼짝,우사홀
2025-03-19,좌삼짝,우삼홀,좌사홀
2025-03-18,좌삼짝,우삼홀,좌사홀
2025-03-17,우삼홀,좌삼짝,우사짝
2025-03-19,우삼짝,좌삼짝,우사홀
2025-03-19,좌삼짝,우삼홀,좌사홀
2025-03-18,좌삼짝,우삼홀,좌사홀
2025-03-17,우삼홀,좌삼짝,우사짝
2025-03-19,우삼짝,좌삼짝,우사홀
2025-03-19,좌삼짝,우삼홀,좌사홀
2025-03-18,좌삼짝,우삼홀,좌사홀
2025-03-17,우삼홀,좌삼짝,우사짝
2025-03-19,우삼짝,좌삼짝,우사홀
2025-03-19,좌삼짝,우삼홀,좌사홀
